<?xml version="1.0" encoding="UTF-8"?>
<project xmlns="http://www.netbeans.org/ns/project/1">
    <type>org.netbeans.modules.web.clientproject</type>
    <configuration>
        <data xmlns="http://www.netbeans.org/ns/clientside-project/1">
            <name>WebGLCoursework</name>
        </data>
        <spellchecker-wordlist xmlns="http://www.netbeans.org/ns/spellchecker-wordlist/1">
            <word>Javascript</word>
            <word>js</word>
            <word>newhtml</word>
        </spellchecker-wordlist>
    </configuration>
</project>
